source,event,acq_datetime,lat,lon,brightness,confidence,frp
NASA-FIRMS,Wildfire,2025-10-14 01:43:00,32.79799,-82.76224,301.85,45,29.01
NASA-FIRMS,Wildfire,2025-10-14 01:43:00,32.8122,-82.76675,303.4,55,33.52
NASA-FIRMS,Wildfire,2025-10-14 01:43:00,32.80599,-82.73878,300.67,32,26.74
NASA-FIRMS,Wildfire,2025-10-14 01:43:00,32.79907,-82.7695,302.47,49,32.05
NASA-FIRMS,Wildfire,2025-10-14 01:47:00,41.45784,-81.67666,300.49,29,11.73
NASA-FIRMS,Wildfire,2025-10-14 01:47:00,42.80024,-80.10117,300.83,34,9.14
NASA-FIRMS,Wildfire,2025-10-14 03:28:00,48.13313,-104.04218,317.36,95,21.79
NASA-FIRMS,Wildfire,2025-10-14 03:19:00,25.60581,-100.91322,306.78,69,16.16
NASA-FIRMS,Wildfire,2025-10-14 03:19:00,25.60314,-100.92842,306.05,67,15.24
NASA-FIRMS,Wildfire,2025-10-14 03:21:00,29.5755,-98.03432,308.06,73,7.09
NASA-FIRMS,Wildfire,2025-10-14 15:24:00,30.50976,-90.19602,311.52,65,8.4
NASA-FIRMS,Wildfire,2025-10-14 15:20:00,44.7904,-85.34727,303.21,55,6.27
NASA-FIRMS,Wildfire,2025-10-14 15:22:00,42.80075,-80.09163,302.15,0,5.93
NASA-FIRMS,Wildfire,2025-10-14 15:22:00,41.46662,-81.67355,308.81,53,8.61
NASA-FIRMS,Wildfire,2025-10-14 15:22:00,41.46473,-81.6807,305.32,23,5.82
NASA-FIRMS,Wildfire,2025-10-14 15:22:00,41.56469,-84.04958,308.37,65,5.72
NASA-FIRMS,Wildfire,2025-10-14 15:22:00,39.97848,-86.83798,309.85,62,5.79
NASA-FIRMS,Wildfire,2025-10-14 15:22:00,38.90562,-81.82156,300.77,39,5.64
NASA-FIRMS,Wildfire,2025-10-14 15:22:00,38.75964,-84.99335,303.82,50,5.2
NASA-FIRMS,Wildfire,2025-10-14 15:22:00,38.00584,-86.14153,304.39,49,4.82
NASA-FIRMS,Wildfire,2025-10-14 15:22:00,37.56203,-84.58029,304.5,59,5.71
NASA-FIRMS,Wildfire,2025-10-14 15:22:00,36.93877,-81.9746,303.97,57,9.39
NASA-FIRMS,Wildfire,2025-10-14 15:22:00,36.94283,-81.97945,303.38,55,8.55
NASA-FIRMS,Wildfire,2025-10-14 15:22:00,37.71522,-88.19775,307.9,56,5.19
NASA-FIRMS,Wildfire,2025-10-14 15:22:00,37.09238,-86.16164,310.74,70,8.13
NASA-FIRMS,Wildfire,2025-10-14 15:22:00,37.44106,-91.86176,305.49,57,7.6
NASA-FIRMS,Wildfire,2025-10-14 15:24:00,36.25845,-83.44334,313.95,70,15.21
NASA-FIRMS,Wildfire,2025-10-14 15:24:00,36.18247,-83.35256,313.97,74,14.46
NASA-FIRMS,Wildfire,2025-10-14 15:24:00,35.73009,-84.46135,306.63,64,6.81
NASA-FIRMS,Wildfire,2025-10-14 15:24:00,35.60504,-84.26994,316.91,67,15.55
NASA-FIRMS,Wildfire,2025-10-14 15:24:00,36.03171,-87.3425,304.48,55,4.25
NASA-FIRMS,Wildfire,2025-10-14 15:24:00,35.85101,-86.66524,306.54,63,5.32
NASA-FIRMS,Wildfire,2025-10-14 15:24:00,35.96638,-88.20998,305.79,57,5.98
NASA-FIRMS,Wildfire,2025-10-14 15:24:00,35.71819,-87.67682,308.95,66,7.9
NASA-FIRMS,Wildfire,2025-10-14 15:24:00,35.71669,-87.66601,306.08,60,5.88
NASA-FIRMS,Wildfire,2025-10-14 15:24:00,35.6656,-87.36606,306.76,63,6.39
NASA-FIRMS,Wildfire,2025-10-14 15:24:00,35.35909,-86.27415,305.69,61,5.0
NASA-FIRMS,Wildfire,2025-10-14 15:24:00,35.3552,-86.3086,319.26,79,16.16
NASA-FIRMS,Wildfire,2025-10-14 15:24:00,34.64632,-82.29504,306.91,64,8.8
NASA-FIRMS,Wildfire,2025-10-14 15:24:00,35.37759,-87.28996,305.16,59,4.91
NASA-FIRMS,Wildfire,2025-10-14 15:24:00,34.45506,-82.68372,305.68,47,5.48
NASA-FIRMS,Wildfire,2025-10-14 15:24:00,35.0372,-89.20414,304.47,48,4.42
NASA-FIRMS,Wildfire,2025-10-14 15:24:00,34.77943,-87.56696,308.94,65,5.82
NASA-FIRMS,Wildfire,2025-10-14 15:24:00,34.63757,-87.08279,311.44,69,7.2
NASA-FIRMS,Wildfire,2025-10-14 15:24:00,33.88148,-82.70176,312.14,70,15.86
NASA-FIRMS,Wildfire,2025-10-14 15:24:00,33.87868,-82.68634,330.74,86,49.77
NASA-FIRMS,Wildfire,2025-10-14 15:24:00,33.87939,-82.98722,306.98,60,8.97
NASA-FIRMS,Wildfire,2025-10-14 15:24:00,34.12727,-85.05732,311.01,68,10.06
NASA-FIRMS,Wildfire,2025-10-14 15:24:00,34.66402,-89.02013,304.46,52,4.22
NASA-FIRMS,Wildfire,2025-10-14 15:24:00,33.39125,-82.12836,307.07,48,8.74
NASA-FIRMS,Wildfire,2025-10-14 15:24:00,33.3803,-82.13116,305.91,43,7.71
NASA-FIRMS,Wildfire,2025-10-14 15:24:00,33.361,-82.3298,357.01,98,147.23
NASA-FIRMS,Wildfire,2025-10-14 15:24:00,33.37044,-82.33363,333.64,87,57.91
NASA-FIRMS,Wildfire,2025-10-14 15:24:00,33.36737,-82.31695,323.64,54,33.36
NASA-FIRMS,Wildfire,2025-10-14 15:24:00,33.35965,-82.33646,321.46,75,29.99
NASA-FIRMS,Wildfire,2025-10-14 15:24:00,33.3566,-82.31999,323.7,81,34.69
NASA-FIRMS,Wildfire,2025-10-14 15:24:00,34.36932,-88.87819,307.42,61,5.65
NASA-FIRMS,Wildfire,2025-10-14 15:24:00,34.36787,-88.86721,305.14,47,4.18
NASA-FIRMS,Wildfire,2025-10-14 15:24:00,33.44174,-83.48425,339.62,91,64.16
NASA-FIRMS,Wildfire,2025-10-14 15:24:00,33.43922,-83.47005,330.78,86,43.66
NASA-FIRMS,Wildfire,2025-10-14 15:24:00,33.42412,-83.44438,348.99,95,92.27
NASA-FIRMS,Wildfire,2025-10-14 15:24:00,33.42157,-83.43012,327.24,84,37.36
NASA-FIRMS,Wildfire,2025-10-14 15:24:00,33.43234,-83.78272,348.35,95,85.0
NASA-FIRMS,Wildfire,2025-10-14 15:24:00,33.42999,-83.76916,308.47,63,9.14
NASA-FIRMS,Wildfire,2025-10-14 15:24:00,33.99059,-87.78706,306.66,60,5.32
NASA-FIRMS,Wildfire,2025-10-14 15:24:00,33.96553,-88.41366,318.5,77,14.84
NASA-FIRMS,Wildfire,2025-10-14 15:24:00,33.27407,-84.00266,303.47,44,4.94
NASA-FIRMS,Wildfire,2025-10-14 15:24:00,32.87277,-82.40869,308.58,64,10.05
NASA-FIRMS,Wildfire,2025-10-14 15:24:00,32.86815,-82.56509,309.88,57,11.62
NASA-FIRMS,Wildfire,2025-10-14 15:24:00,33.18613,-84.38338,307.52,61,5.88
NASA-FIRMS,Wildfire,2025-10-14 15:24:00,32.85741,-82.56796,309.2,61,11.01
NASA-FIRMS,Wildfire,2025-10-14 15:24:00,32.85434,-82.55172,309.73,66,11.44
NASA-FIRMS,Wildfire,2025-10-14 15:24:00,33.68462,-87.91612,305.31,53,4.49
NASA-FIRMS,Wildfire,2025-10-14 15:24:00,33.68313,-87.90562,304.67,51,4.09
NASA-FIRMS,Wildfire,2025-10-14 15:24:00,33.83591,-89.09353,306.57,47,4.72
NASA-FIRMS,Wildfire,2025-10-14 15:24:00,33.83447,-89.08253,305.65,37,3.94
NASA-FIRMS,Wildfire,2025-10-14 15:24:00,32.81049,-82.75485,310.53,67,12.47
NASA-FIRMS,Wildfire,2025-10-14 15:24:00,32.64501,-82.25127,315.21,73,21.2
NASA-FIRMS,Wildfire,2025-10-14 15:24:00,32.63398,-82.25417,318.14,76,27.45
NASA-FIRMS,Wildfire,2025-10-14 15:24:00,33.81157,-90.05037,307.49,51,6.0
NASA-FIRMS,Wildfire,2025-10-14 15:24:00,33.81008,-90.03847,313.61,68,11.15
NASA-FIRMS,Wildfire,2025-10-14 15:24:00,33.06185,-85.57446,315.76,74,13.67
NASA-FIRMS,Wildfire,2025-10-14 15:24:00,32.4186,-82.10438,310.76,66,15.7
NASA-FIRMS,Wildfire,2025-10-14 15:24:00,34.04454,-94.51427,305.54,49,11.5
NASA-FIRMS,Wildfire,2025-10-14 15:24:00,33.81161,-92.16839,323.22,80,31.85
NASA-FIRMS,Wildfire,2025-10-14 15:24:00,33.81004,-92.1534,306.86,50,8.76
NASA-FIRMS,Wildfire,2025-10-14 15:24:00,32.87719,-85.46198,320.97,79,18.46
NASA-FIRMS,Wildfire,2025-10-14 15:24:00,32.87532,-85.45039,309.27,34,6.94
NASA-FIRMS,Wildfire,2025-10-14 15:24:00,32.86799,-85.4641,321.71,80,19.48
NASA-FIRMS,Wildfire,2025-10-14 15:24:00,32.77372,-85.39564,320.05,78,19.1
NASA-FIRMS,Wildfire,2025-10-14 15:24:00,32.57272,-84.24986,311.7,68,9.86
NASA-FIRMS,Wildfire,2025-10-14 15:24:00,33.25215,-88.92744,304.5,43,4.45
NASA-FIRMS,Wildfire,2025-10-14 15:24:00,32.13431,-82.51084,308.91,60,8.99
NASA-FIRMS,Wildfire,2025-10-14 15:24:00,32.09757,-82.3778,306.9,53,7.51
NASA-FIRMS,Wildfire,2025-10-14 15:24:00,31.89784,-81.57381,322.5,79,46.0
NASA-FIRMS,Wildfire,2025-10-14 15:24:00,32.20068,-83.77549,344.86,93,77.99
NASA-FIRMS,Wildfire,2025-10-14 15:24:00,32.19818,-83.76136,309.02,62,8.17
NASA-FIRMS,Wildfire,2025-10-14 15:24:00,33.10906,-90.38902,317.38,73,11.41
NASA-FIRMS,Wildfire,2025-10-14 15:24:00,33.10759,-90.37717,315.76,71,9.51
NASA-FIRMS,Wildfire,2025-10-14 15:24:00,31.89437,-82.66145,321.1,79,29.95
NASA-FIRMS,Wildfire,2025-10-14 15:24:00,31.87876,-82.70007,315.47,73,19.83
NASA-FIRMS,Wildfire,2025-10-14 15:24:00,31.87566,-82.68358,312.25,62,13.93
NASA-FIRMS,Wildfire,2025-10-14 15:24:00,32.15071,-84.99247,321.5,79,21.77
NASA-FIRMS,Wildfire,2025-10-14 15:24:00,31.99356,-84.24514,310.18,65,9.88
NASA-FIRMS,Wildfire,2025-10-14 15:24:00,33.4514,-95.99211,321.26,78,56.43
NASA-FIRMS,Wildfire,2025-10-14 15:24:00,32.99626,-91.94608,333.68,88,47.12
NASA-FIRMS,Wildfire,2025-10-14 15:24:00,32.9947,-91.93195,308.78,29,8.1
NASA-FIRMS,Wildfire,2025-10-14 15:24:00,31.60742,-82.80502,316.42,73,21.46
NASA-FIRMS,Wildfire,2025-10-14 15:24:00,31.60432,-82.78858,314.73,71,18.76
NASA-FIRMS,Wildfire,2025-10-14 15:24:00,32.25854,-86.71034,330.46,86,27.49
NASA-FIRMS,Wildfire,2025-10-14 15:24:00,31.49136,-82.68439,311.06,64,13.94
NASA-FIRMS,Wildfire,2025-10-14 15:24:00,31.81367,-84.57371,321.91,79,22.9
NASA-FIRMS,Wildfire,2025-10-14 15:24:00,31.81298,-84.57961,311.85,26,9.43
NASA-FIRMS,Wildfire,2025-10-14 15:24:00,31.97683,-85.74851,339.07,91,46.86
NASA-FIRMS,Wildfire,2025-10-14 15:24:00,31.44747,-82.70116,328.07,84,47.07
NASA-FIRMS,Wildfire,2025-10-14 15:24:00,31.44434,-82.68436,316.69,73,22.33
NASA-FIRMS,Wildfire,2025-10-14 15:24:00,31.96764,-85.7506,307.77,59,6.88
NASA-FIRMS,Wildfire,2025-10-14 15:24:00,31.48537,-82.96722,312.11,66,14.49
NASA-FIRMS,Wildfire,2025-10-14 15:24:00,31.48239,-82.95107,306.84,49,7.07
NASA-FIRMS,Wildfire,2025-10-14 15:24:00,31.91367,-85.59568,351.79,96,76.56
NASA-FIRMS,Wildfire,2025-10-14 15:24:00,31.91176,-85.58405,311.87,67,9.62
NASA-FIRMS,Wildfire,2025-10-14 15:24:00,31.44388,-82.92673,306.19,43,7.29
NASA-FIRMS,Wildfire,2025-10-14 15:24:00,31.47783,-83.16866,314.56,70,18.01
NASA-FIRMS,Wildfire,2025-10-14 15:24:00,31.47491,-83.15295,309.73,61,11.33
NASA-FIRMS,Wildfire,2025-10-14 15:24:00,31.78851,-84.96604,331.55,86,36.49
NASA-FIRMS,Wildfire,2025-10-14 15:24:00,31.78639,-84.95369,319.39,77,18.14
NASA-FIRMS,Wildfire,2025-10-14 15:24:00,31.78398,-84.96074,344.29,93,62.92
NASA-FIRMS,Wildfire,2025-10-14 15:24:00,31.47506,-83.17586,312.62,59,13.7
NASA-FIRMS,Wildfire,2025-10-14 15:24:00,31.47222,-83.16008,318.07,74,22.82
NASA-FIRMS,Wildfire,2025-10-14 15:24:00,31.77443,-84.96298,317.1,69,15.45
NASA-FIRMS,Wildfire,2025-10-14 15:24:00,31.33599,-82.78838,306.93,41,7.59
NASA-FIRMS,Wildfire,2025-10-14 15:24:00,32.04095,-86.98217,319.92,78,15.38
NASA-FIRMS,Wildfire,2025-10-14 15:24:00,32.03934,-86.97163,316.41,74,12.19
NASA-FIRMS,Wildfire,2025-10-14 15:24:00,31.55279,-84.09145,313.54,69,9.52
NASA-FIRMS,Wildfire,2025-10-14 15:24:00,32.40676,-90.21795,307.58,57,5.91
NASA-FIRMS,Wildfire,2025-10-14 15:24:00,32.48202,-91.80178,318.24,75,15.67
NASA-FIRMS,Wildfire,2025-10-14 15:24:00,32.48052,-91.78821,324.43,81,25.33
NASA-FIRMS,Wildfire,2025-10-14 15:24:00,31.42197,-85.01677,312.05,65,9.22
NASA-FIRMS,Wildfire,2025-10-14 15:24:00,31.073,-83.13501,310.92,62,13.12
NASA-FIRMS,Wildfire,2025-10-14 15:24:00,31.35581,-85.09583,322.42,79,21.21
NASA-FIRMS,Wildfire,2025-10-14 15:24:00,31.6426,-87.10587,316.49,74,11.77
NASA-FIRMS,Wildfire,2025-10-14 15:24:00,31.64101,-87.09538,321.34,79,16.31
NASA-FIRMS,Wildfire,2025-10-14 15:24:00,32.27945,-91.99012,311.1,51,7.88
NASA-FIRMS,Wildfire,2025-10-14 15:24:00,30.90225,-83.08223,316.83,72,22.55
NASA-FIRMS,Wildfire,2025-10-14 15:24:00,30.98156,-83.56844,319.8,76,22.76
NASA-FIRMS,Wildfire,2025-10-14 15:24:00,30.97878,-83.5534,318.39,74,19.37
NASA-FIRMS,Wildfire,2025-10-14 15:24:00,30.98529,-83.55834,328.24,83,38.51
NASA-FIRMS,Wildfire,2025-10-14 15:24:00,30.90111,-83.08911,313.24,66,15.69
NASA-FIRMS,Wildfire,2025-10-14 15:24:00,31.05548,-84.61554,332.17,86,37.52
NASA-FIRMS,Wildfire,2025-10-14 15:24:00,31.05323,-84.60241,318.41,73,15.56
NASA-FIRMS,Wildfire,2025-10-14 15:24:00,30.95642,-84.04378,310.35,59,10.14
NASA-FIRMS,Wildfire,2025-10-14 15:24:00,30.8381,-83.44072,307.7,46,7.78
NASA-FIRMS,Wildfire,2025-10-14 15:24:00,30.72193,-83.05423,306.95,42,7.43
NASA-FIRMS,Wildfire,2025-10-14 15:24:00,31.2101,-86.46596,316.07,72,11.17
NASA-FIRMS,Wildfire,2025-10-14 15:24:00,31.20837,-86.45509,344.86,93,53.39
NASA-FIRMS,Wildfire,2025-10-14 15:24:00,32.03851,-93.24729,332.66,87,57.11
NASA-FIRMS,Wildfire,2025-10-14 15:24:00,31.01542,-85.60223,327.69,83,27.97
NASA-FIRMS,Wildfire,2025-10-14 15:24:00,31.01348,-85.59044,320.52,77,18.35
NASA-FIRMS,Wildfire,2025-10-14 15:24:00,31.00605,-85.60429,308.62,32,5.7
NASA-FIRMS,Wildfire,2025-10-14 15:24:00,30.72646,-83.97694,307.37,45,5.83
NASA-FIRMS,Wildfire,2025-10-14 15:24:00,30.72388,-83.9625,312.3,64,11.78
NASA-FIRMS,Wildfire,2025-10-14 15:24:00,30.55783,-83.24884,313.49,61,13.27
NASA-FIRMS,Wildfire,2025-10-14 15:24:00,30.54543,-83.61037,307.27,45,7.91
NASA-FIRMS,Wildfire,2025-10-14 15:24:00,30.65522,-84.33666,311.57,63,10.49
NASA-FIRMS,Wildfire,2025-10-14 15:24:00,30.65749,-84.34203,309.94,58,8.55
NASA-FIRMS,Wildfire,2025-10-14 15:24:00,30.60069,-84.79229,309.46,58,7.95
NASA-FIRMS,Wildfire,2025-10-14 15:24:00,30.59846,-84.7793,307.47,50,5.75
NASA-FIRMS,Wildfire,2025-10-14 15:24:00,30.57982,-85.45164,314.16,69,11.67
NASA-FIRMS,Wildfire,2025-10-14 15:24:00,30.57778,-85.43956,309.02,59,6.58
NASA-FIRMS,Wildfire,2025-10-14 15:24:00,31.567,-92.8985,312.25,67,12.34
NASA-FIRMS,Wildfire,2025-10-14 15:24:00,31.56537,-92.88335,309.33,61,8.72
NASA-FIRMS,Wildfire,2025-10-14 15:24:00,31.5628,-93.16548,346.99,94,100.96
NASA-FIRMS,Wildfire,2025-10-14 15:24:00,31.50202,-93.57388,372.27,100,244.65
NASA-FIRMS,Wildfire,2025-10-14 15:24:00,31.50035,-93.55721,325.38,81,39.87
NASA-FIRMS,Wildfire,2025-10-14 15:24:00,31.49095,-93.57536,314.69,70,20.32
NASA-FIRMS,Wildfire,2025-10-14 15:24:00,30.58499,-90.50029,308.73,59,6.31
NASA-FIRMS,Wildfire,2025-10-14 17:00:00,43.1589,-112.59911,301.11,44,5.01
NASA-FIRMS,Wildfire,2025-10-14 17:00:00,43.15295,-112.59295,301.02,44,5.45
NASA-FIRMS,Wildfire,2025-10-14 17:02:00,35.02681,-106.41977,300.97,0,7.62
NASA-FIRMS,Wildfire,2025-10-14 17:02:00,33.91121,-106.94181,303.51,30,5.9
NASA-FIRMS,Wildfire,2025-10-14 17:02:00,32.9622,-109.70065,309.49,65,6.36
NASA-FIRMS,Wildfire,2025-10-14 17:02:00,32.33551,-109.99302,324.34,61,24.29
NASA-FIRMS,Wildfire,2025-10-14 17:02:00,32.33358,-109.98115,312.27,63,10.69
NASA-FIRMS,Wildfire,2025-10-14 18:36:00,44.75547,-123.33994,300.88,42,22.2
NASA-FIRMS,Wildfire,2025-10-14 18:38:00,40.07336,-122.15183,311.16,47,79.61
NASA-FIRMS,Wildfire,2025-10-14 19:32:00,30.98679,-83.54872,311.42,36,26.35
NASA-FIRMS,Wildfire,2025-10-14 19:32:00,30.97956,-83.58096,315.9,70,45.94
NASA-FIRMS,Wildfire,2025-10-14 19:32:00,30.98634,-83.55553,314.4,68,41.93
NASA-FIRMS,Wildfire,2025-10-14 19:32:00,30.97892,-83.58768,311.79,62,30.24
NASA-FIRMS,Wildfire,2025-10-14 19:32:00,30.8517,-84.55405,311.8,62,44.4
NASA-FIRMS,Wildfire,2025-10-14 19:32:00,30.8429,-84.59184,342.1,92,304.67
NASA-FIRMS,Wildfire,2025-10-14 19:32:00,30.85986,-84.56131,336.52,89,235.07
NASA-FIRMS,Wildfire,2025-10-14 19:32:00,30.85088,-84.59892,362.12,100,622.81
NASA-FIRMS,Wildfire,2025-10-14 19:32:00,30.84375,-84.81071,309.04,0,28.28
NASA-FIRMS,Wildfire,2025-10-14 19:32:00,31.44674,-82.70158,312.5,63,27.98
NASA-FIRMS,Wildfire,2025-10-14 19:32:00,31.79766,-81.39224,307.28,31,14.45
NASA-FIRMS,Wildfire,2025-10-14 19:32:00,31.43101,-84.99806,310.2,59,34.97
NASA-FIRMS,Wildfire,2025-10-14 19:32:00,31.42155,-85.03731,324.3,80,129.31
NASA-FIRMS,Wildfire,2025-10-14 19:32:00,31.42857,-85.04341,320.84,75,95.43
NASA-FIRMS,Wildfire,2025-10-14 19:32:00,32.24625,-82.18684,312.63,66,24.88
NASA-FIRMS,Wildfire,2025-10-14 19:32:00,31.81325,-84.57669,309.86,60,35.49
NASA-FIRMS,Wildfire,2025-10-14 19:32:00,31.91054,-85.58989,309.47,59,50.6
NASA-FIRMS,Wildfire,2025-10-14 19:32:00,31.97618,-85.74954,340.03,91,333.31
NASA-FIRMS,Wildfire,2025-10-14 19:32:00,31.9658,-85.79231,324.44,81,159.5
NASA-FIRMS,Wildfire,2025-10-14 19:32:00,32.15038,-84.99926,309.23,51,37.37
NASA-FIRMS,Wildfire,2025-10-14 19:32:00,31.98082,-85.75935,342.99,92,378.43
NASA-FIRMS,Wildfire,2025-10-14 19:32:00,31.97025,-85.80184,313.07,67,73.73
NASA-FIRMS,Wildfire,2025-10-14 19:32:00,32.79519,-82.74574,313.11,68,27.82
NASA-FIRMS,Wildfire,2025-10-14 19:32:00,32.80835,-82.74984,327.31,83,83.63
NASA-FIRMS,Wildfire,2025-10-14 19:32:00,32.80265,-82.77596,319.49,76,50.17
NASA-FIRMS,Wildfire,2025-10-14 19:32:00,32.86576,-82.54965,326.42,82,76.77
NASA-FIRMS,Wildfire,2025-10-14 19:32:00,32.86034,-82.57478,332.33,87,106.24
NASA-FIRMS,Wildfire,2025-10-14 19:32:00,32.86198,-82.55547,331.45,86,100.32
NASA-FIRMS,Wildfire,2025-10-14 19:32:00,32.85638,-82.58059,321.83,79,58.51
NASA-FIRMS,Wildfire,2025-10-14 19:32:00,33.58592,-81.29428,306.14,51,11.14
NASA-FIRMS,Wildfire,2025-10-14 19:32:00,33.36605,-82.34452,309.78,62,20.43
NASA-FIRMS,Wildfire,2025-10-14 19:32:00,32.7847,-85.37737,308.97,59,40.01
NASA-FIRMS,Wildfire,2025-10-14 19:32:00,32.77547,-85.41568,320.82,78,112.25
NASA-FIRMS,Wildfire,2025-10-14 19:32:00,32.77754,-85.38237,309.6,61,40.12
NASA-FIRMS,Wildfire,2025-10-14 19:32:00,32.7681,-85.42042,311.09,65,49.57
NASA-FIRMS,Wildfire,2025-10-14 19:32:00,32.79305,-85.38769,308.43,42,34.34
NASA-FIRMS,Wildfire,2025-10-14 19:32:00,32.78358,-85.42603,306.7,21,27.69
NASA-FIRMS,Wildfire,2025-10-14 19:32:00,32.8767,-85.45863,323.07,80,125.13
NASA-FIRMS,Wildfire,2025-10-14 19:32:00,32.86736,-85.49749,311.3,65,50.68
NASA-FIRMS,Wildfire,2025-10-14 19:32:00,32.92859,-85.3116,311.82,58,50.94
NASA-FIRMS,Wildfire,2025-10-14 19:32:00,32.91961,-85.34931,313.78,69,60.79
NASA-FIRMS,Wildfire,2025-10-14 19:32:00,32.86907,-85.45966,315.78,72,76.39
NASA-FIRMS,Wildfire,2025-10-14 19:32:00,32.92192,-85.31304,312.94,68,61.7
NASA-FIRMS,Wildfire,2025-10-14 19:32:00,32.91267,-85.35077,311.51,66,53.85
NASA-FIRMS,Wildfire,2025-10-14 19:32:00,32.88456,-85.46523,313.48,69,61.5
NASA-FIRMS,Wildfire,2025-10-14 19:32:00,33.41876,-83.45442,316.41,73,48.41
NASA-FIRMS,Wildfire,2025-10-14 19:32:00,33.4171,-83.43085,309.92,47,22.98
NASA-FIRMS,Wildfire,2025-10-14 19:32:00,33.41066,-83.45882,310.74,52,25.46
NASA-FIRMS,Wildfire,2025-10-14 19:32:00,33.42065,-83.80138,308.7,52,25.28
NASA-FIRMS,Wildfire,2025-10-14 19:32:00,33.43061,-83.77714,309.08,60,25.07
NASA-FIRMS,Wildfire,2025-10-14 19:32:00,33.4237,-83.80671,308.02,46,21.07
NASA-FIRMS,Wildfire,2025-10-14 19:32:00,33.17855,-85.62994,319.92,77,104.82
NASA-FIRMS,Wildfire,2025-10-14 19:32:00,33.16916,-85.6684,320.24,77,108.52
NASA-FIRMS,Wildfire,2025-10-14 19:32:00,33.88099,-82.69727,314.45,71,34.11
NASA-FIRMS,Wildfire,2025-10-14 19:32:00,33.8782,-82.70083,312.6,68,28.56
NASA-FIRMS,Wildfire,2025-10-14 19:34:00,35.79468,-85.22462,312.97,72,56.09
NASA-FIRMS,Wildfire,2025-10-14 19:34:00,35.78686,-85.25735,321.74,80,97.84
NASA-FIRMS,Wildfire,2025-10-14 19:34:00,41.22912,-82.71224,306.22,56,7.67
NASA-FIRMS,Wildfire,2025-10-14 19:34:00,41.23113,-82.71796,306.74,57,8.71
NASA-FIRMS,Wildfire,2025-10-14 19:34:00,41.56887,-84.03855,307.05,31,10.51
NASA-FIRMS,Wildfire,2025-10-14 19:34:00,43.76261,-81.32056,305.37,61,8.68
NASA-FIRMS,Wildfire,2025-10-14 19:34:00,42.37063,-89.03941,300.47,0,13.26
NASA-FIRMS,Wildfire,2025-10-14 19:34:00,46.57756,-80.78636,326.24,84,27.03
NASA-FIRMS,Wildfire,2025-10-14 19:34:00,46.57535,-80.79954,335.83,90,40.74
NASA-FIRMS,Wildfire,2025-10-14 19:36:00,48.25204,-79.02815,300.38,27,5.15
NASA-FIRMS,Wildfire,2025-10-14 21:08:00,30.63125,-91.61445,319.53,74,34.73
NASA-FIRMS,Wildfire,2025-10-14 21:08:00,30.62921,-91.63483,340.42,91,109.38
NASA-FIRMS,Wildfire,2025-10-14 21:08:00,30.6365,-91.62215,333.93,87,81.67
NASA-FIRMS,Wildfire,2025-10-14 21:08:00,30.69966,-95.93299,313.45,40,5.19
NASA-FIRMS,Wildfire,2025-10-14 21:08:00,31.20254,-94.63512,311.31,48,6.86
NASA-FIRMS,Wildfire,2025-10-14 21:08:00,31.37695,-93.20524,324.25,79,32.49
NASA-FIRMS,Wildfire,2025-10-14 21:08:00,31.38113,-93.19604,316.44,69,18.42
NASA-FIRMS,Wildfire,2025-10-14 21:08:00,31.49697,-93.57726,319.53,73,21.84
NASA-FIRMS,Wildfire,2025-10-14 21:10:00,32.48893,-92.83989,321.33,76,35.3
NASA-FIRMS,Wildfire,2025-10-14 21:10:00,32.48706,-92.8582,364.57,100,219.33
NASA-FIRMS,Wildfire,2025-10-14 21:10:00,32.84587,-95.66516,319.16,70,13.23
NASA-FIRMS,Wildfire,2025-10-14 21:10:00,33.76231,-90.8773,316.17,66,24.84
NASA-FIRMS,Wildfire,2025-10-14 21:10:00,33.76086,-90.85835,326.26,0,59.45
NASA-FIRMS,Wildfire,2025-10-14 21:10:00,33.53904,-93.84519,314.25,63,13.78
NASA-FIRMS,Wildfire,2025-10-14 21:10:00,33.80571,-92.16227,309.49,52,15.72
NASA-FIRMS,Wildfire,2025-10-14 21:10:00,33.4502,-95.99252,320.89,72,14.85
NASA-FIRMS,Wildfire,2025-10-14 21:10:00,34.24889,-91.83942,315.32,60,21.88
NASA-FIRMS,Wildfire,2025-10-14 21:10:00,34.23846,-91.84546,315.63,51,24.25
NASA-FIRMS,Wildfire,2025-10-14 21:10:00,34.18072,-93.02293,313.71,65,17.92
NASA-FIRMS,Wildfire,2025-10-14 21:10:00,34.35075,-92.02547,318.27,64,31.91
NASA-FIRMS,Wildfire,2025-10-14 21:10:00,34.41056,-91.77827,332.76,71,86.03
NASA-FIRMS,Wildfire,2025-10-14 21:10:00,34.41407,-91.7626,310.67,0,14.16
NASA-FIRMS,Wildfire,2025-10-14 21:10:00,34.48608,-91.81872,320.33,68,40.37
NASA-FIRMS,Wildfire,2025-10-14 21:10:00,34.48404,-91.84199,313.02,66,19.94
NASA-FIRMS,Wildfire,2025-10-14 21:10:00,34.49894,-91.96009,310.48,51,13.17
NASA-FIRMS,Wildfire,2025-10-14 21:10:00,34.49974,-91.96534,317.79,64,32.26
NASA-FIRMS,Wildfire,2025-10-14 21:10:00,34.80484,-91.25594,312.3,62,24.98
NASA-FIRMS,Wildfire,2025-10-14 21:10:00,34.99229,-92.65765,312.23,58,16.19
NASA-FIRMS,Wildfire,2025-10-14 21:10:00,34.9903,-92.6785,309.89,34,11.49
NASA-FIRMS,Wildfire,2025-10-14 21:10:00,34.99671,-92.6634,315.18,70,23.62
NASA-FIRMS,Wildfire,2025-10-14 21:10:00,34.87784,-95.10103,309.51,47,6.85
NASA-FIRMS,Wildfire,2025-10-14 21:10:00,34.87619,-95.11584,309.62,48,6.99
NASA-FIRMS,Wildfire,2025-10-14 21:12:00,36.09251,-90.36774,318.69,71,54.96
NASA-FIRMS,Wildfire,2025-10-14 21:14:00,48.6386,-114.51652,311.11,71,50.27
NASA-FIRMS,Wildfire,2025-10-14 21:12:00,36.08091,-90.37146,310.05,47,21.59
NASA-FIRMS,Wildfire,2025-10-14 21:14:00,48.6303,-114.55032,306.08,59,38.06
NASA-FIRMS,Wildfire,2025-10-14 21:12:00,36.09516,-90.37292,314.66,53,39.01
NASA-FIRMS,Wildfire,2025-10-14 21:14:00,48.64268,-114.55704,305.52,33,34.88
NASA-FIRMS,Wildfire,2025-10-14 21:12:00,36.28902,-90.59142,315.88,62,40.85
NASA-FIRMS,Wildfire,2025-10-14 21:14:00,48.63618,-114.52416,318.06,50,66.51
NASA-FIRMS,Wildfire,2025-10-14 21:12:00,36.35735,-90.51408,310.12,60,22.37
NASA-FIRMS,Wildfire,2025-10-14 21:14:00,48.43779,-118.78746,313.75,74,113.89
NASA-FIRMS,Wildfire,2025-10-14 21:12:00,36.58751,-92.42374,312.29,65,20.44
NASA-FIRMS,Wildfire,2025-10-14 21:14:00,48.42381,-118.83518,327.08,85,210.92
NASA-FIRMS,Wildfire,2025-10-14 21:12:00,36.58556,-92.4469,308.33,55,11.96
NASA-FIRMS,Wildfire,2025-10-14 21:12:00,36.25619,-96.74093,312.92,61,7.53
NASA-FIRMS,Wildfire,2025-10-14 21:12:00,36.55532,-105.63892,332.76,88,58.56
NASA-FIRMS,Wildfire,2025-10-14 21:12:00,36.55192,-105.6564,327.04,81,44.11
NASA-FIRMS,Wildfire,2025-10-14 21:12:00,36.5574,-105.64657,371.1,100,238.0
NASA-FIRMS,Wildfire,2025-10-14 21:12:00,36.5538,-105.66448,320.67,78,31.48
NASA-FIRMS,Wildfire,2025-10-14 21:12:00,36.56815,-105.64955,317.26,77,25.54
NASA-FIRMS,Wildfire,2025-10-14 22:48:00,36.54182,-120.02774,303.11,54,10.89
NASA-FIRMS,Wildfire,2025-10-14 22:50:00,40.07385,-122.1339,303.59,53,7.88
NASA-FIRMS,Wildfire,2025-10-14 22:50:00,40.07224,-122.14772,301.21,44,6.02
NASA-FIRMS,Wildfire,2025-10-14 22:52:00,40.38973,-123.8244,320.21,80,20.91
NASA-FIRMS,Wildfire,2025-10-14 22:52:00,40.38807,-123.83721,320.03,80,20.71
NASA-FIRMS,Wildfire,2025-10-14 22:52:00,40.75778,-124.04388,300.72,41,5.63
NASA-FIRMS,Wildfire,2025-10-14 22:52:00,42.09582,-121.81961,302.3,52,7.73
NASA-FIRMS,Wildfire,2025-10-14 22:52:00,42.09415,-121.83525,301.58,43,7.36
NASA-FIRMS,Wildfire,2025-10-14 22:52:00,43.83539,-118.28119,332.76,88,103.55
NASA-FIRMS,Wildfire,2025-10-14 22:52:00,43.83864,-118.26109,310.24,70,28.91
NASA-FIRMS,Wildfire,2025-10-14 22:52:00,43.83675,-118.2888,324.91,83,71.46
NASA-FIRMS,Wildfire,2025-10-14 22:52:00,44.67794,-123.17841,312.03,72,15.01
NASA-FIRMS,Wildfire,2025-10-14 22:52:00,44.76083,-123.34178,304.82,60,8.65
NASA-FIRMS,Wildfire,2025-10-14 22:52:00,45.26917,-122.29311,301.54,48,9.15
NASA-FIRMS,Wildfire,2025-10-14 22:52:00,45.22651,-123.17074,303.95,56,7.39
NASA-FIRMS,Wildfire,2025-10-14 22:52:00,48.4222,-118.81506,356.96,98,275.95
NASA-FIRMS,Wildfire,2025-10-14 22:52:00,48.42029,-118.84454,303.76,20,22.95
NASA-FIRMS,Wildfire,2025-10-14 22:52:00,48.43535,-118.81478,346.02,94,191.5
NASA-FIRMS,Wildfire,2025-10-14 22:52:00,48.41933,-118.8197,333.37,88,120.97
NASA-FIRMS,Wildfire,2025-10-14 22:52:00,48.43424,-118.78968,309.71,69,38.19
NASA-FIRMS,Wildfire,2025-10-14 22:52:00,48.43245,-118.81951,361.01,100,315.15
NASA-FIRMS,Wildfire,2025-10-15 02:21:00,30.85714,-84.57805,301.04,37,5.64
NASA-FIRMS,Wildfire,2025-10-15 02:21:00,30.8431,-86.37813,374.48,100,200.62
NASA-FIRMS,Wildfire,2025-10-15 02:21:00,30.84083,-86.39153,326.2,100,37.6
NASA-FIRMS,Wildfire,2025-10-15 02:21:00,30.85303,-86.38047,365.2,100,153.65
NASA-FIRMS,Wildfire,2025-10-15 02:21:00,30.85077,-86.39381,322.82,100,32.0
NASA-FIRMS,Wildfire,2025-10-15 02:24:00,31.87574,-85.41498,317.66,95,20.33
NASA-FIRMS,Wildfire,2025-10-15 02:24:00,31.97894,-85.74656,301.74,44,6.86
NASA-FIRMS,Wildfire,2025-10-15 02:24:00,31.97697,-85.7587,334.27,100,45.98
NASA-FIRMS,Wildfire,2025-10-15 02:24:00,33.18372,-85.63391,306.07,65,8.52
NASA-FIRMS,Wildfire,2025-10-15 02:24:00,33.18186,-85.64556,321.02,100,23.23
NASA-FIRMS,Wildfire,2025-10-15 02:24:00,33.17999,-85.65723,304.72,48,7.57
NASA-FIRMS,Wildfire,2025-10-15 02:24:00,36.38065,-88.9826,300.47,28,9.22
NASA-FIRMS,Wildfire,2025-10-15 02:24:00,40.31516,-80.61407,303.09,53,11.84
NASA-FIRMS,Wildfire,2025-10-15 02:24:00,41.56606,-84.04424,308.09,73,11.27
NASA-FIRMS,Wildfire,2025-10-15 04:02:00,32.85625,-109.69083,306.3,68,9.23
NASA-FIRMS,Wildfire,2025-10-15 04:04:00,42.68894,-111.59803,301.95,46,8.98
NASA-FIRMS,Wildfire,2025-10-15 04:06:00,48.32333,-116.72256,301.31,40,11.76
NASA-FIRMS,Wildfire,2025-10-15 04:06:00,48.32055,-116.73832,349.11,100,87.1
NASA-FIRMS,Wildfire,2025-10-15 04:06:00,48.42915,-118.80636,317.33,95,34.62
NASA-FIRMS,Wildfire,2025-10-15 04:06:00,48.43339,-118.81538,309.69,78,25.11
